timestamp_ms,price,sources,spread
1775313658402,67061.45,2,2.9
1775313659402,67061.46,3,2.9
1775313660406,67061.22,3,2.2
1775313661407,67061.22,3,2.2
1775313662408,67055.44,3,4.9
1775313663411,67055.44,3,4.7
1775313664412,67052.53,3,2.9
1775313665413,67051.65,3,3.84
1775313666414,67051.4,3,2.9
1775313667414,67051.4,3,2.89
1775313668414,67051.36,3,2.99
1775313669415,67051.36,3,2.99
1775313670415,67051.36,3,2.99
1775313671422,67051.36,3,2.99
1775313672423,67051.37,3,3.0
1775313673424,67051.43,3,2.89
1775313674425,67047.66,3,13.09
1775313675426,67048.75,3,3.65
1775313676427,67049.32,3,4.55
1775313677429,67049.32,3,4.55
1775313678430,67049.32,3,4.55
1775313679431,67049.32,3,4.55
1775313680433,67048.11,3,2.66
1775313681434,67045.55,3,5.9
1775313682435,67045.51,3,6.0
1775313683436,67045.51,3,6.2
1775313684437,67027.91,3,29.14
1775313685440,67030.75,3,3.9
1775313686441,67034.72,3,4.4
1775313687443,67033.22,3,1.16
1775313688443,67031.89,3,5.07
1775313689444,67031.89,3,5.06
1775313690445,67031.46,3,5.07
1775313691447,67031.45,3,5.06
1775313692448,67031.26,3,5.67
1775313693448,67031.26,3,5.67
1775313694449,67031.25,3,5.66
1775313695450,67031.22,3,5.76
1775313696450,67031.66,3,5.77
1775313697451,67030.72,3,5.76
1775313698453,67030.72,3,5.77
1775313699453,67030.82,3,6.97
1775313700455,67030.82,3,6.96
1775313701456,67030.82,3,6.97
1775313702456,67034.56,3,1.13
1775313703457,67034.56,3,1.13
1775313704458,67034.56,3,1.13
1775313705459,67035.73,3,1.8
1775313706460,67039.89,3,4.8
1775313707460,67040.19,3,3.9
1775313708462,67039.05,3,6.1
1775313709463,67039.05,3,6.1
1775313710464,67040.62,3,5.2
1775313711465,67040.62,3,5.2
1775313712466,67040.62,3,5.2
1775313713467,67041.29,3,3.2
1775313714468,67041.25,3,3.1
1775313715469,67041.12,3,3.5
1775313716471,67040.55,3,5.2
1775313717472,67040.58,3,5.3
1775313718473,67040.55,3,5.4
1775313719474,67040.55,3,5.4
1775313720475,67040.55,3,5.4
1775313721476,67040.58,3,5.3
1775313722477,67040.55,3,5.2
1775313723479,67040.59,3,5.3
1775313724480,67040.55,3,5.2
1775313725481,67039.98,3,6.9
1775313726482,67038.64,3,6.9
1775313727483,67038.64,3,6.9
1775313728486,67038.64,3,6.9
1775313729488,67038.64,3,6.9
1775313730489,67038.63,3,6.9
1775313731490,67038.27,3,5.8
1775313732491,67038.3,3,5.7
1775313733492,67038.3,3,5.7
1775313734494,67037.84,3,7.1
1775313735495,67037.84,3,7.1
1775313736497,67037.84,3,7.1
1775313737498,67037.47,3,8.2
1775313738499,67037.47,3,8.2
1775313739500,67037.47,3,8.2
1775313740507,67037.47,3,8.2
1775313741508,67037.47,3,8.2
1775313742509,67037.47,3,8.2
1775313743510,67037.47,3,8.2
1775313744511,67037.47,3,8.2
1775313745513,67037.27,3,7.4
1775313746514,67037.27,3,7.4
1775313747515,67037.27,3,7.4
1775313748519,67037.27,3,7.4
1775313749520,67036.47,3,5.0
1775313750521,67036.47,3,5.0
1775313751522,67036.47,3,5.0
1775313752524,67036.47,3,5.0
1775313753525,67036.47,3,5.0
1775313754529,67037.33,3,2.8
1775313755537,67037.33,3,2.8
1775313756539,67037.33,3,2.8
1775313757543,67037.33,3,2.8
1775313758544,67038.1,3,2.21
1775313759555,67038.07,3,2.2
1775313760555,67038.07,3,2.2
1775313761556,67038.17,3,2.4
1775313762560,67038.7,3,4.01
1775313763563,67038.66,3,3.91
1775313764564,67038.67,3,3.9
1775313765565,67038.67,3,3.9
1775313766571,67038.7,3,4.0
1775313767572,67038.67,3,4.0
1775313768574,67038.67,3,4.0
1775313769575,67038.66,3,4.01
1775313770576,67038.67,3,4.0
1775313771577,67038.66,3,4.01
1775313772579,67038.66,3,4.01
1775313773580,67038.66,3,4.01
1775313774582,67038.7,3,4.0
1775313775582,67038.7,3,4.0
1775313776583,67038.7,3,4.0
1775313777585,67038.7,3,4.0
1775313778586,67038.7,3,4.01
1775313779587,67038.7,3,4.01
1775313780589,67038.7,3,4.01
1775313781590,67038.7,3,4.01
1775313782591,67038.7,3,4.0
1775313783592,67038.7,3,4.01
1775313784593,67038.7,3,4.0
1775313785595,67043.0,3,16.7
1775313786596,67053.0,3,4.1
1775313787597,67052.97,3,4.0
1775313788599,67053.2,3,4.0
1775313789600,67062.43,3,19.3
1775313790601,67068.98,3,2.16
1775313791603,67072.61,3,12.16
1775313792604,67072.11,3,10.57
1775313793605,67072.6,3,9.11
1775313794607,67074.83,3,9.11
1775313795608,67080.0,3,7.0
1775313796610,67080.59,3,6.23
1775313797615,67080.82,3,6.93
1775313798616,67083.89,3,5.22
1775313799617,67085.22,3,3.8
1775313800618,67089.09,3,9.03
1775313801619,67088.52,3,7.33
1775313802620,67088.52,3,7.34
1775313803623,67088.52,3,7.34
1775313804624,67089.22,3,7.33
1775313805625,67090.09,3,7.33
1775313806625,67091.15,3,4.14
1775313807627,67091.15,3,4.14
1775313808628,67091.22,3,4.24
1775313809629,67091.22,3,4.24
1775313810630,67091.19,3,4.13
1775313811633,67091.19,3,4.13
1775313812639,67091.19,3,4.13
1775313813641,67091.19,3,4.13
1775313814645,67091.22,3,4.13
1775313815655,67091.22,3,4.13
1775313816656,67091.22,3,4.13
1775313817657,67091.19,3,4.13
1775313818657,67092.07,3,5.68
1775313819659,67099.15,3,6.2
1775313820659,67100.52,3,4.75
1775313821661,67104.3,3,4.9
1775313822662,67104.7,3,4.91
1775313823663,67104.7,3,4.9
1775313824664,67100.23,3,2.79
1775313825666,67100.23,3,2.8
1775313826667,67100.23,3,2.79
1775313827668,67100.23,3,2.8
1775313828669,67100.3,3,2.69
1775313829670,67100.3,3,2.69
1775313830675,67100.3,3,2.69
1775313831676,67100.3,3,2.7
1775313832677,67100.3,3,2.69
1775313833678,67099.8,3,2.69
1775313834679,67098.3,3,2.1
1775313835681,67098.27,3,2.09
1775313836682,67098.27,3,2.1
1775313837683,67098.27,3,2.1
1775313838683,67098.27,3,2.09
1775313839688,67098.3,3,2.19
1775313840689,67098.27,3,2.1
1775313841690,67098.27,3,2.09
1775313842693,67098.27,3,2.09
1775313843695,67098.27,3,2.09
1775313844695,67098.3,3,2.09
1775313845701,67098.3,3,2.09
1775313846702,67098.3,3,2.09
1775313847704,67098.27,3,2.09
1775313848708,67098.3,3,2.1
1775313849709,67098.3,3,2.1
1775313850709,67098.3,3,2.1
1775313851710,67102.5,3,14.69
1775313852710,67102.5,3,14.7
1775313853719,67100.2,3,7.79
1775313854727,67098.8,3,3.59
1775313855728,67098.77,3,3.5
1775313856727,67098.77,3,3.49
1775313857729,67098.77,3,3.49
1775313858730,67098.77,3,3.49
1775313859731,67098.77,3,3.5
1775313860732,67098.74,3,3.49
1775313861733,67098.77,3,3.49
1775313862734,67098.77,3,3.49
1775313863735,67098.74,3,3.49
1775313864738,67098.77,3,3.59
1775313865738,67098.77,3,3.6
1775313866740,67098.8,3,3.6
1775313867741,67098.8,3,3.59
1775313868742,67098.8,3,3.59
1775313869743,67098.8,3,3.6
1775313870744,67098.8,3,3.59
1775313871747,67098.8,3,3.59
1775313872747,67100.02,3,1.85
1775313873749,67100.02,3,1.85
1775313874749,67100.01,3,1.84
1775313875751,67103.68,3,5.65
1775313876752,67105.18,3,2.2
1775313877753,67105.18,3,2.2
1775313878754,67105.18,3,2.2
1775313879755,67105.18,3,2.2
1775313880756,67105.18,3,2.2
1775313881757,67105.18,3,2.2
1775313882758,67105.18,3,2.2
1775313883759,67105.18,3,2.2
1775313884764,67105.18,3,2.2
1775313885765,67105.18,3,2.2
1775313886766,67105.41,3,1.5
1775313887769,67105.42,3,1.5
1775313888771,67105.45,3,1.4
1775313889772,67105.45,3,1.4
1775313890774,67105.45,3,1.4
1775313891776,67105.41,3,1.3
1775313892777,67105.41,3,1.3
1775313893778,67105.41,3,1.3
1775313894782,67105.41,3,1.3
1775313895783,67105.42,3,1.3
1775313896785,67104.88,3,1.1
1775313897786,67104.65,3,0.94
1775313898798,67104.08,3,2.64
1775313899798,67104.05,3,2.64
1775313900799,67104.08,3,2.55
1775313901800,67104.08,3,2.55
1775313902801,67104.08,3,2.55
1775313903803,67104.08,3,2.54
1775313904803,67104.08,3,2.55
1775313905804,67104.08,3,2.55
1775313906806,67104.12,3,2.55
1775313907809,67104.08,3,2.54
1775313908810,67104.08,3,2.55
1775313909812,67104.08,3,2.54
1775313910813,67104.11,3,2.54
1775313911814,67104.11,3,2.54
1775313912815,67104.12,3,2.55
1775313913817,67104.08,3,2.54
1775313914818,67104.08,3,2.54
1775313915818,67104.08,3,2.54
1775313916819,67104.12,3,2.55
1775313917819,67104.12,3,2.55
1775313918820,67104.11,3,2.54
1775313919820,67104.08,3,2.54
1775313920821,67111.38,3,3.8
1775313921822,67113.64,3,7.63
1775313922823,67113.67,3,7.52
1775313923823,67114.91,3,3.82
1775313924824,67116.64,3,3.9
1775313925827,67117.61,3,1.0
1775313926827,67117.61,3,1.0
1775313927828,67117.61,3,1.0
1775313928828,67119.18,3,1.8
1775313929829,67119.85,3,3.15
1775313930830,67125.15,3,7.05
1775313931831,67126.86,3,3.42
1775313932832,67127.56,3,3.42
1775313933833,67127.56,3,3.42
1775313934833,67127.56,3,3.42
1775313935834,67127.6,3,3.51
1775313936835,67127.59,3,3.52
1775313937836,67127.6,3,3.51
1775313938837,67129.62,3,1.6
1775313939838,67129.99,3,0.74
1775313940838,67130.35,3,1.35
1775313941841,67132.52,3,5.64
1775313942842,67134.85,3,1.16
1775313943843,67134.91,3,1.26
1775313944844,67135.06,3,0.62
1775313945844,67135.09,3,0.72
1775313946846,67135.33,3,1.21
1775313947847,67135.33,3,1.22
1775313948848,67135.29,3,1.22
1775313949848,67135.3,3,1.21
1775313950849,67135.3,3,1.21
1775313951850,67135.3,3,1.21
1775313952851,67135.33,3,1.21
1775313953852,67135.29,3,1.22
1775313954854,67135.3,3,1.21
1775313955855,67136.36,3,4.41
1775313956856,67136.36,3,4.41
1775313957857,67136.36,3,4.42
1775313958858,67136.36,3,4.42
1775313959858,67136.36,3,4.42
1775313960859,67137.33,3,6.52
1775313961860,67138.67,3,5.1
1775313962864,67140.8,3,3.6
1775313963865,67143.04,3,4.02
1775313964866,67143.88,3,4.03
1775313965866,67146.44,3,2.37
1775313966868,67146.44,3,2.37
1775313967869,67146.44,3,2.38
1775313968870,67146.44,3,2.38
1775313969871,67147.54,3,3.98
1775313970873,67147.54,3,3.98
1775313971874,67147.58,3,4.07
1775313972875,67147.57,3,4.08
1775313973876,67148.04,3,3.97
1775313974877,67148.04,3,3.98
1775313975878,67148.04,3,3.97
1775313976879,67148.04,3,3.97
1775313977881,67148.04,3,3.97
1775313978882,67148.04,3,3.97
1775313979883,67148.54,3,5.47
1775313980883,67151.7,3,3.8
1775313981884,67153.85,3,2.14
1775313982885,67153.85,3,2.15
1775313983886,67153.85,3,2.15
1775313984886,67153.82,3,2.15
1775313985887,67153.82,3,2.15
1775313986888,67153.81,3,2.14
1775313987889,67154.08,3,2.6
1775313988889,67154.11,3,2.5
1775313989890,67154.32,3,3.1
1775313990891,67158.22,3,5.75
1775313991892,67159.34,3,3.17
1775313992892,67159.85,3,1.94
1775313993893,67159.85,3,1.95
1775313994894,67159.85,3,1.95
1775313995895,67159.95,3,2.24
1775313996896,67158.12,3,6.7
1775313997897,67158.12,3,6.7
1775313998900,67157.35,3,4.46
1775313999901,67157.35,3,4.45
1775314000902,67157.35,3,4.45
1775314001905,67155.65,3,6.35
1775314002906,67155.65,3,6.35
1775314003908,67155.65,3,6.35
1775314004909,67155.65,3,6.35
1775314005909,67157.28,3,3.25
1775314006910,67157.25,3,3.26
1775314007911,67157.98,3,1.55
1775314008911,67158.02,3,1.45
1775314009913,67158.02,3,1.45
1775314010914,67158.02,3,1.45
1775314011915,67157.61,3,0.4
1775314012915,67157.61,3,0.4
1775314013916,67157.61,3,0.4
1775314014920,67156.98,3,1.74
1775314015921,67157.01,3,1.64
1775314016921,67157.01,3,1.64
1775314017923,67156.05,3,3.04
1775314018924,67156.05,3,3.04
1775314019925,67156.05,3,3.05
1775314020926,67155.88,3,3.54
1775314021927,67155.88,3,3.54
1775314022928,67155.88,3,3.55
1775314023929,67154.35,3,6.25
1775314024930,67154.35,3,6.24
1775314025931,67154.35,3,6.24
1775314026931,67151.31,3,11.03
1775314027932,67148.35,3,10.84
1775314028933,67144.09,3,5.97
1775314029934,67144.06,3,5.97
1775314030935,67143.77,3,5.11
1775314031936,67143.77,3,5.12
1775314032937,67143.77,3,5.12
1775314033937,67143.44,3,5.11
1775314034938,67143.44,3,5.11
1775314035939,67143.44,3,5.11
1775314036940,67143.44,3,5.11
1775314037942,67143.44,3,5.12
1775314038943,67143.44,3,5.12
1775314039943,67143.44,3,5.11
1775314040944,67147.2,3,8.2
1775314041945,67147.21,3,8.2
1775314042946,67147.21,3,8.2
1775314043949,67147.2,3,8.2
1775314044953,67145.04,3,2.01
1775314045957,67144.64,3,3.22
1775314046959,67144.64,3,3.22
1775314047960,67144.64,3,3.21
1775314048961,67144.64,3,3.21
1775314049963,67144.67,3,3.21
1775314050963,67144.64,3,3.21
1775314051964,67144.64,3,3.22
1775314052966,67144.64,3,3.21
1775314053968,67144.64,3,3.22
1775314054969,67144.64,3,3.21
1775314055977,67145.94,3,6.8
1775314056979,67145.94,3,6.8
1775314057980,67145.91,3,6.7
1775314058981,67145.9,3,6.7
1775314059982,67145.9,3,6.7
1775314060983,67145.91,3,6.7
1775314061984,67145.91,3,6.7
1775314062984,67145.9,3,6.7
1775314063993,67145.91,3,6.7
1775314064994,67144.64,3,3.22
1775314065995,67144.64,3,3.21
1775314066996,67144.64,3,3.22
1775314067998,67144.64,3,3.22
1775314068999,67144.64,3,3.21
1775314070001,67144.61,3,3.32
1775314071008,67144.64,3,3.31
1775314072009,67144.67,3,3.22
1775314073010,67144.64,3,3.22
1775314074017,67144.64,3,3.22
1775314075018,67144.67,3,3.22
1775314076020,67144.67,3,3.22
1775314077021,67144.67,3,3.21
1775314078022,67144.67,3,3.21
1775314079023,67144.67,3,3.21
1775314080024,67144.64,3,3.21
1775314081024,67144.64,3,3.21
1775314082024,67144.64,3,3.22
1775314083025,67144.6,3,3.31
1775314084026,67144.6,3,3.31
1775314085026,67144.6,3,3.31
1775314086029,67144.64,3,3.31
1775314087029,67144.64,3,3.32
1775314088030,67144.64,3,3.31
1775314089032,67144.64,3,3.31
1775314090033,67144.64,3,3.31
1775314091034,67144.6,3,3.31
1775314092034,67144.64,3,3.22
1775314093036,67144.64,3,3.22
1775314094037,67144.64,3,3.21
1775314095038,67144.64,3,3.21
1775314096038,67144.64,3,3.22
1775314097040,67144.64,3,3.22
1775314098041,67144.64,3,3.22
1775314099042,67144.67,3,3.22
1775314100042,67144.67,3,3.22
1775314101044,67144.67,3,3.22
1775314102045,67149.01,3,16.0
1775314103049,67148.17,3,13.5
1775314104050,67151.77,3,11.2
1775314105050,67151.8,3,11.1
1775314106051,67151.84,3,11.0
1775314107051,67151.84,3,11.0
1775314108053,67151.84,3,11.0
1775314109054,67155.07,3,1.78
1775314110055,67156.15,3,2.75
1775314111056,67156.6,3,3.29
1775314112058,67157.27,3,4.1
1775314113059,67157.27,3,4.1
1775314114060,67157.27,3,4.1
1775314115061,67157.26,3,4.1
1775314116062,67157.26,3,4.1
1775314117063,67158.43,3,5.9
1775314118064,67158.43,3,5.9
1775314119065,67158.43,3,5.89
1775314120078,67158.43,3,5.89
1775314121079,67158.43,3,5.89
1775314122083,67158.43,3,5.89
1775314123083,67158.43,3,5.89
1775314124084,67158.43,3,5.89
1775314125129,67158.43,3,5.89
1775314126130,67158.43,3,5.9
1775314127138,67158.43,3,5.9
1775314128138,67158.43,3,5.89
1775314129139,67158.43,3,5.89
1775314130141,67158.43,3,5.89
1775314131141,67158.43,3,5.9
1775314132142,67158.4,3,5.9
1775314133143,67158.4,3,5.89
1775314134143,67158.4,3,5.89
1775314135163,67158.36,3,5.99
1775314136166,67158.37,3,6.0
1775314137167,67158.43,3,5.9
1775314138168,67158.43,3,5.89
1775314139169,67158.43,3,5.89
1775314140170,67158.43,3,5.89
1775314141171,67158.43,3,5.9
1775314142172,67158.4,3,5.9
1775314143173,67158.4,3,5.89
1775314144175,67158.4,3,5.89
1775314145177,67158.4,3,5.89
1775314146178,67157.56,3,5.89
1775314147182,67157.53,3,5.99
1775314148183,67157.53,3,5.99
1775314149206,67157.53,3,5.99
1775314150206,67157.53,3,5.99
1775314151207,67157.53,3,6.0
1775314152207,67157.53,3,6.0
1775314153208,67151.15,3,7.04
1775314154209,67151.18,3,6.95
1775314155210,67150.08,3,6.94
1775314156210,67141.23,3,4.19
1775314157211,67141.23,3,4.18
1775314158212,67140.73,3,4.98
1775314159216,67139.33,3,8.38
1775314160217,67139.36,3,8.28
1775314161218,67139.0,3,9.39
1775314162219,67138.93,3,9.38
1775314163220,67138.93,3,9.38
1775314164222,67138.9,3,9.39
1775314165223,67136.26,3,13.18
1775314166226,67136.29,3,13.08
1775314167227,67136.29,3,13.08
1775314168228,67136.26,3,13.18
1775314169229,67136.26,3,13.18
1775314170230,67136.26,3,13.18
1775314171231,67136.26,3,13.19
1775314172232,67136.3,3,13.09
1775314173232,67136.3,3,13.09
1775314174233,67136.29,3,13.08
1775314175235,67136.29,3,13.08
1775314176237,67136.29,3,13.08
1775314177241,67136.3,3,13.09
1775314178242,67136.3,3,13.09
1775314179243,67136.29,3,13.08
1775314180244,67136.33,3,13.09
1775314181245,67136.33,3,13.08
1775314182247,67136.33,3,13.09
1775314183248,67136.33,3,13.08
1775314184249,67136.33,3,13.08
1775314185253,67136.33,3,13.09
1775314186254,67134.82,3,8.67
1775314187255,67134.61,3,8.04
1775314188257,67134.61,3,8.04
1775314189258,67134.65,3,8.04
1775314190259,67134.65,3,8.04
1775314191260,67134.64,3,8.03
1775314192262,67134.64,3,8.03
1775314193263,67134.65,3,8.04
1775314194264,67134.65,3,8.04
1775314195266,67134.65,3,8.04
1775314196266,67134.64,3,8.03
1775314197270,67134.64,3,8.03
1775314198270,67134.61,3,8.14
1775314199271,67134.61,3,8.14
1775314200272,67134.61,3,8.04
1775314201274,67134.61,3,8.04
1775314202275,67134.28,3,7.04
1775314203276,67133.55,3,7.04
1775314204277,67133.33,3,6.38
1775314205278,67133.26,3,6.37
1775314206279,67132.92,3,6.47
1775314207280,67132.96,3,6.37
1775314208282,67132.96,3,6.38
1775314209283,67132.96,3,6.38
1775314210284,67132.96,3,6.37
1775314211285,67132.96,3,6.37
1775314212286,67132.96,3,6.37
1775314213297,67132.96,3,6.37
1775314214297,67132.96,3,6.38
1775314215301,67131.48,3,7.53
1775314216303,67131.48,3,7.53
1775314217304,67131.51,3,7.42
1775314218309,67129.77,3,2.22
1775314219309,67129.74,3,2.32
1775314220312,67129.74,3,2.32
1775314221314,67129.74,3,2.32
1775314222315,67129.74,3,2.32
1775314223316,67129.74,3,2.32
1775314224317,67129.74,3,2.32
1775314225318,67129.74,3,2.32
1775314226319,67129.81,3,2.23
1775314227320,67129.81,3,2.23
1775314228321,67129.78,3,2.33
1775314229322,67129.81,3,2.23
1775314230324,67129.81,3,2.23
1775314231324,67129.78,3,2.33
1775314232325,67129.74,3,2.33
1775314233329,67129.74,3,2.33
1775314234330,67129.78,3,2.33
1775314235331,67129.78,3,2.33
1775314236331,67129.74,3,2.33
1775314237332,67129.74,3,2.32
1775314238333,67129.74,3,2.33
1775314239334,67129.78,3,2.33
1775314240335,67129.78,3,2.33
1775314241336,67129.81,3,2.23
1775314242336,67135.31,3,16.9
1775314243337,67135.31,3,16.9
1775314244338,67133.08,3,10.2
1775314245339,67133.07,3,10.2
1775314246341,67133.07,3,10.2
1775314247342,67134.71,3,10.2
1775314248342,67134.74,3,10.3
1775314249343,67134.74,3,10.3
1775314250344,67134.74,3,10.3
1775314251344,67134.74,3,10.3
1775314252345,67134.74,3,10.3
1775314253346,67134.74,3,10.3
1775314254348,67134.74,3,10.3
1775314255349,67134.74,3,10.3
1775314256350,67134.74,3,10.3
1775314257351,67134.74,3,10.3
1775314258352,67134.77,3,10.2
1775314259353,67134.77,3,10.2
1775314260353,67135.11,3,9.2
1775314261353,67135.11,3,9.2
1775314262355,67135.07,3,9.1
1775314263356,67135.7,3,7.2
1775314264357,67135.7,3,7.2
1775314265357,67135.74,3,7.1
1775314266358,67135.74,3,7.1
1775314267360,67135.7,3,7.2
1775314268361,67135.7,3,7.2
1775314269362,67135.74,3,7.3
1775314270363,67135.74,3,7.3
1775314271363,67135.7,3,7.2
1775314272365,67135.7,3,7.2
1775314273365,67135.71,3,7.2
1775314274366,67135.7,3,7.2
1775314275368,67135.7,3,7.2
1775314276368,67135.7,3,7.2
1775314277369,67135.7,3,7.2
1775314278369,67135.7,3,7.2
1775314279370,67135.7,3,7.2
1775314280371,67135.71,3,7.2
1775314281372,67135.74,3,7.1
1775314282373,67135.77,3,7.2
1775314283374,67135.77,3,7.2
1775314284375,67135.74,3,7.1
1775314285377,67135.74,3,7.1
1775314286384,67135.74,3,7.1
1775314287385,67135.74,3,7.1
1775314288385,67135.74,3,7.1
1775314289385,67135.74,3,7.1
1775314290386,67135.74,3,7.1
1775314291387,67135.71,3,7.0
1775314292388,67135.67,3,7.1
1775314293390,67135.67,3,7.1
1775314294390,67135.67,3,7.1
1775314295391,67135.67,3,7.1
1775314296392,67135.67,3,7.1
1775314297393,67135.67,3,7.1
1775314298408,67135.7,3,7.0
1775314299409,67135.7,3,7.0
1775314300410,67135.7,3,7.0
1775314301411,67135.7,3,7.2
1775314302441,67135.67,3,7.1
1775314303443,67135.67,3,7.1
1775314304444,67135.67,3,7.1
1775314305444,67135.7,3,7.0
1775314306446,67135.71,3,7.0
1775314307447,67134.77,3,4.2
1775314308448,67134.77,3,4.2
1775314309450,67134.77,3,4.2
1775314310451,67134.77,3,4.2
1775314311451,67134.77,3,4.2
1775314312452,67134.77,3,4.2
1775314313453,67134.7,3,4.21
1775314314454,67134.7,3,4.21
1775314315456,67134.71,3,4.22
1775314316457,67134.7,3,4.21
1775314317458,67134.74,3,4.11
1775314318460,67134.74,3,4.12
1775314319460,67134.77,3,4.2
1775314320461,67134.77,3,4.2
1775314321462,67134.77,3,4.2
1775314322464,67134.77,3,4.2
1775314323465,67134.74,3,4.11
1775314324467,67134.74,3,4.11
1775314325467,67134.74,3,4.11
1775314326468,67134.7,3,4.21
1775314327469,67134.77,3,4.2
1775314328470,67134.74,3,4.11
1775314329472,67134.74,3,4.3
1775314330473,67134.77,3,4.2
1775314331475,67134.77,3,4.2
1775314332476,67134.77,3,4.2
1775314333477,67134.77,3,4.2
1775314334477,67134.77,3,4.2
1775314335478,67134.74,3,4.11
1775314336479,67134.74,3,4.12
1775314337481,67134.74,3,4.11
1775314338481,67134.77,3,4.2
1775314339498,67134.74,3,4.11
1775314340499,67134.7,3,4.21
1775314341500,67134.71,3,4.22
1775314342501,67134.74,3,4.11
1775314343502,67134.74,3,4.11
1775314344503,67134.7,3,4.21
1775314345503,67134.7,3,4.21
1775314346504,67134.74,3,4.3
1775314347506,67134.74,3,4.3
1775314348508,67134.77,3,4.2
1775314349509,67134.74,3,4.12
1775314350510,67134.74,3,4.11
1775314351511,67134.71,3,4.22
1775314352512,67134.71,3,4.22
1775314353513,67134.71,3,4.22
1775314354514,67134.71,3,4.22
1775314355517,67134.71,3,4.22
1775314356519,67134.74,3,4.11
1775314357528,67134.7,3,4.21
1775314358529,67134.7,3,4.21
1775314359529,67134.7,3,4.21
1775314360530,67134.7,3,4.21
1775314361531,67134.77,3,4.2
1775314362532,67134.77,3,4.2
1775314363533,67132.67,3,6.11
1775314364535,67131.08,3,2.0
1775314365535,67130.91,3,2.5
1775314366536,67130.91,3,2.5
1775314367537,67130.91,3,2.3
1775314368539,67130.94,3,2.4
1775314369540,67130.94,3,2.4
1775314370540,67130.91,3,2.3
1775314371542,67130.94,3,2.4
1775314372543,67130.91,3,2.3
1775314373544,67130.88,3,2.4
1775314374545,67130.88,3,2.4
1775314375546,67130.88,3,2.4
1775314376548,67130.87,3,2.4
1775314377549,67130.91,3,2.3
1775314378550,67130.91,3,2.3
1775314379550,67129.34,3,4.02
1775314380552,67129.31,3,4.03
1775314381553,67129.31,3,4.02
1775314382554,67129.38,3,3.93
1775314383556,67129.34,3,4.02
1775314384557,67129.34,3,4.02
1775314385558,67129.34,3,4.02
1775314386560,67129.31,3,4.02
1775314387560,67129.34,3,3.92
1775314388561,67129.34,3,3.92
1775314903498,67180.8,1,0.0
1775314904502,67178.56,3,3.51
1775314905504,67178.56,3,3.51
1775314906505,67178.56,3,3.51
1775314907506,67178.56,3,3.51
1775314908507,67178.56,3,3.51
1775314909507,67178.57,3,3.5
1775314910509,67178.53,3,3.6
1775314911511,67178.53,3,3.6
1775314912511,67178.53,3,3.6
1775314913514,67178.53,3,3.6
1775314914515,67178.5,3,3.5
1775314915516,67178.5,3,3.5
1775314916520,67178.5,3,3.5
1775314917521,67178.5,3,3.5
1775314918521,67178.5,3,3.5
1775314919698,67178.5,3,3.5
1775314920716,67178.5,3,3.5
1775314921718,67178.5,3,3.5
1775314922718,67178.53,3,3.6
1775314923720,67178.56,3,3.51
1775314924721,67178.57,3,3.5
1775314925721,67178.57,3,3.5
1775314926723,67178.53,3,3.4
1775314927724,67178.79,3,3.4
1775314928726,67178.79,3,3.4
1775314929727,67178.79,3,3.4
1775314930728,67178.79,3,3.4
1775314931728,67178.79,3,3.4
1775314932729,67178.82,3,3.5
1775314933731,67178.79,3,3.4
1775314934740,67178.79,3,3.4
1775314935741,67179.02,3,4.1
1775314936742,67180.81,3,6.7
1775314937743,67196.71,3,3.77
1775314938744,67196.68,3,3.77
1775314939745,67196.71,3,3.87
1775314940747,67196.71,3,3.87
1775314941748,67196.71,3,3.87
1775314942749,67197.36,3,2.7
1775314943751,67197.35,3,2.7
1775314944752,67197.35,3,2.7
1775314945753,67197.35,3,2.7
1775314946754,67197.32,3,2.6
1775314947755,67197.39,3,2.6
1775314948756,67197.36,3,2.5
1775314949766,67197.36,3,2.5
1775314950768,67197.36,3,2.5
1775314951772,67197.35,3,2.5
1775314952773,67197.35,3,2.5
1775314953774,67197.35,3,2.5
1775314954777,67197.35,3,2.5
1775314955778,67197.35,3,2.5
1775314956779,67197.36,3,2.5
1775314957779,67197.39,3,2.6
1775314958781,67197.39,3,2.6
1775314959782,67196.52,3,0.77
1775314960786,67198.92,3,9.0
1775314961787,67199.22,3,8.1
1775314962788,67199.19,3,8.0
1775314963789,67199.19,3,8.0
1775314964790,67199.19,3,8.0
1775314965791,67199.19,3,8.0
1775314966792,67199.19,3,8.0
1775314967794,67199.19,3,8.0
1775314968795,67199.22,3,8.1
1775314969800,67199.19,3,8.0
1775314970801,67199.19,3,8.0
1775314971803,67199.15,3,8.1
1775314972804,67199.16,3,8.1
1775314973805,67199.15,3,8.1
1775314974806,67199.15,3,8.1
1775314975807,67199.34,3,8.1
1775314976809,67199.37,3,8.0
1775314977810,67199.37,3,8.0
1775314978811,67199.37,3,8.0
1775314979813,67199.37,3,8.0
1775314980814,67199.4,3,8.1
1775314981815,67199.37,3,8.0
1775314982816,67200.2,3,8.0
1775314983817,67200.2,3,8.0
1775314984818,67200.2,3,8.0
1775314985820,67200.2,3,8.0
1775314986821,67200.16,3,8.1
1775314987822,67200.16,3,8.1
1775314988823,67200.16,3,8.1
1775314989824,67200.2,3,8.0
1775314990824,67200.2,3,8.0
1775314991825,67200.2,3,8.0
1775314992826,67198.4,3,3.69
1775314993827,67198.4,3,3.69
1775314994828,67198.4,3,3.7
1775314995829,67198.37,3,3.8
1775314996840,67198.37,3,3.8
1775314997840,67198.4,3,3.7
1775314998840,67198.4,3,3.69
1775314999842,67198.4,3,3.69
1775315000843,67198.4,3,3.69
1775315001844,67198.4,3,3.69
1775315002845,67198.37,3,3.8
1775315003857,67198.36,3,3.79
1775315004858,67198.37,3,3.8
1775315005866,67198.37,3,3.8
1775315006866,67198.4,3,3.69
1775315007877,67198.4,3,3.69
1775315008878,67198.4,3,3.69
1775315009879,67198.4,3,3.69
1775315010880,67198.4,3,3.69
1775315011881,67198.4,3,3.7
1775315012890,67198.4,3,3.7
1775315013899,67198.4,3,3.7
1775315014899,67198.4,3,3.69
1775315015900,67198.36,3,3.69
1775315016901,67198.37,3,3.7
1775315017903,67198.33,3,3.8
1775315018904,67198.37,3,3.8
1775315019905,67198.33,3,3.89
1775315020906,67198.33,3,3.9
1775315021908,67198.33,3,3.9
1775315022909,67198.33,3,3.89
1775315023911,67197.83,3,4.79
1775315024912,67196.3,3,8.59
1775315025913,67197.16,3,5.99
1775315026914,67197.83,3,4.0
1775315027916,67197.83,3,4.0
1775315028917,67197.83,3,3.99
1775315029918,67197.83,3,3.99
1775315030920,67197.86,3,3.89
1775315031921,67197.83,3,4.0
1775315032922,67197.83,3,4.0
1775315033923,67197.57,3,4.8
1775315034924,67197.57,3,4.8
1775315035926,67197.53,3,4.79
1775315036927,67196.46,3,7.99
1775315037929,67196.46,3,7.99
1775315038930,67196.46,3,7.99
1775315039931,67196.46,3,7.99
1775315040932,67196.5,3,7.99
1775315041934,67196.5,3,8.0
1775315042935,67196.5,3,7.99
1775315043936,67196.5,3,7.99
1775315044937,67196.5,3,7.99
1775315045938,67196.5,3,8.0
1775315046939,67196.5,3,7.99
1775315047940,67196.47,3,8.0
1775315048941,67196.47,3,8.0
1775315049942,67196.47,3,8.0
1775315050943,67195.9,3,7.99
1775315051945,67195.9,3,7.99
1775315052955,67195.03,3,7.99
1775315053965,67195.03,3,7.99
1775315054965,67195.03,3,7.99
1775315055966,67195.03,3,7.99
1775315056968,67195.03,3,8.0
1775315057970,67195.0,3,8.1
1775315058978,67195.0,3,8.1
1775315059979,67195.0,3,8.09
1775315060980,67195.0,3,8.1
1775315061981,67195.0,3,8.09
1775315062982,67196.06,3,7.99
1775315063986,67196.06,3,7.99
1775315064987,67196.07,3,8.0
1775315065989,67196.07,3,8.0
1775315066989,67196.06,3,7.99
1775315067990,67196.1,3,7.99
1775315068991,67196.1,3,8.0
1775315069992,67196.06,3,8.09
1775315070993,67196.03,3,8.1
1775315071995,67196.07,3,8.0
1775315072996,67196.06,3,7.99
1775315074007,67196.06,3,7.99
1775315075011,67196.06,3,8.09
1775315076012,67196.07,3,8.1
1775315077013,67196.07,3,8.1
1775315078014,67196.07,3,8.1
1775315079015,67196.07,3,8.1
1775315080017,67196.07,3,8.1
1775315081018,67196.07,3,8.1
1775315082020,67196.7,3,8.0
1775315083020,67196.7,3,8.0
1775315084021,67196.7,3,8.0
1775315085026,67196.67,3,8.1
1775315086027,67196.67,3,8.0
1775315087027,67196.66,3,7.99
1775315088028,67196.67,3,8.0
1775315089036,67196.67,3,8.0
1775315090039,67196.63,3,8.1
1775315091040,67196.63,3,8.09
1775315092041,67196.63,3,8.09
1775315093041,67196.66,3,7.99
1775315094042,67196.66,3,7.99
1775315095045,67196.66,3,7.99
1775315096049,67204.06,3,10.11
1775315097050,67206.6,3,7.9
1775315098051,67209.92,3,2.15
1775315099052,67210.38,3,0.85
1775315100054,67210.38,3,0.85
1775315101055,67210.38,3,0.85
1775315102056,67214.22,3,5.85
1775315103057,67220.71,3,9.4
1775315104058,67221.97,3,12.1
1775315105059,67227.93,3,11.1
1775315106061,67229.1,3,7.4
1775315107062,67231.32,3,8.76
1775315108063,67241.76,3,12.3
1775315109064,67245.7,3,7.1
1775315110065,67246.31,3,6.7
1775315111066,67246.65,3,7.7
1775315112067,67243.05,3,2.34
1775315113068,67243.72,3,2.35
1775315114068,67239.05,3,6.4
1775315115070,67232.84,3,10.73
1775315116071,67229.93,3,4.68
1775315117072,67214.62,3,5.86
1775315118073,67212.4,3,4.39
1775315119074,67208.01,3,4.64
1775315120075,67208.02,3,4.65
1775315121077,67207.42,3,6.45
1775315122077,67207.45,3,6.44
1775315123078,67207.58,3,6.54
1775315124079,67207.58,3,6.54
1775315125081,67207.55,3,6.54
1775315126082,67207.61,3,6.44
1775315127083,67207.58,3,6.45
1775315128085,67207.58,3,6.44
1775315129086,67207.58,3,6.45
1775315130088,67207.58,3,6.44
1775315131091,67207.58,3,6.44
1775315132092,67207.58,3,6.45
1775315133093,67207.58,3,6.45
1775315134094,67207.58,3,6.44
1775315135095,67207.58,3,6.44
1775315136099,67207.55,3,6.54
1775315137101,67207.58,3,6.44
1775315138103,67207.58,3,6.45
1775315139104,67207.55,3,6.55
1775315140105,67207.35,3,7.14
1775315141105,67206.12,3,10.95
1775315142106,67204.59,3,9.56
1775315143107,67203.37,3,6.01
1775315144107,67201.11,3,8.02
1775315145108,67201.11,3,8.02
1775315146109,67201.14,3,7.92
1775315147111,67201.14,3,7.92
1775315148111,67201.14,3,7.92
1775315149113,67201.14,3,7.92
1775315150114,67200.21,3,7.92
1775315151115,67200.21,3,7.92
1775315152115,67200.21,3,7.92
1775315153115,67200.21,3,7.92
1775315154117,67201.18,3,7.93
1775315155118,67202.78,3,4.33
1775315156119,67202.74,3,4.32
1775315157120,67202.77,3,4.22
1775315158122,67202.78,3,4.23
1775315159122,67202.77,3,4.22
1775315160123,67202.77,3,4.22
1775315161124,67202.78,3,4.23
1775315162125,67202.77,3,4.22
1775315163127,67202.78,3,4.23
1775315164128,67202.77,3,4.22
1775315165129,67202.78,3,4.23
1775315166129,67202.77,3,4.22
1775315167130,67202.24,3,4.22
1775315168134,67202.17,3,4.32
1775315169135,67201.81,3,5.42
1775315170136,67200.04,3,10.72
1775315171136,67200.07,3,10.72
1775315172137,67200.11,3,10.63
1775315173138,67200.07,3,10.72
1775315174140,67200.07,3,10.72
1775315175141,67200.08,3,10.73
1775315176142,67200.07,3,10.72
1775315177144,67200.08,3,10.63
1775315178145,67200.08,3,10.63
1775315179146,67200.07,3,10.62
1775315180150,67200.08,3,10.63
1775315181151,67200.07,3,10.72
1775315182151,67210.14,3,5.9
1775315183152,67210.74,3,5.7
1775315184154,67210.74,3,5.7
1775315185155,67210.77,3,5.6
1775315186156,67210.77,3,5.6
1775315187158,67210.77,3,5.6
1775315188159,67223.26,3,5.4
1775315189160,67226.39,3,4.02
1775315190161,67226.36,3,3.93
1775315191162,67226.36,3,3.92
1775315192163,67226.36,3,3.92
1775315193165,67226.36,3,3.92
1775315194166,67231.99,3,12.94
1775315195167,67237.84,3,5.1
1775315196169,67237.81,3,5.0
1775315197170,67237.81,3,5.0
1775315198170,67237.81,3,5.0
1775315199172,67237.18,3,3.1
1775315200173,67233.74,3,7.92
1775315201174,67235.86,3,4.0
1775315202175,67235.86,3,4.0
1775315203176,67236.39,3,2.4
1775315204177,67235.96,3,3.7
1775315205178,67235.96,3,3.7
1775315206179,67234.76,3,3.77
1775315207180,67234.16,3,3.77
1775315208181,67233.19,3,5.47
1775315209181,67232.66,3,5.67
1775315210183,67229.79,3,12.77
1775315211184,67229.22,3,12.87
1775315212185,67229.22,3,12.87
1775315213186,67229.25,3,12.76
1775315214186,67229.25,3,12.76
1775315215187,67229.22,3,12.77
1775315216189,67225.3,3,4.1
1775315217192,67225.31,3,4.1
1775315218193,67225.3,3,4.1
1775315219195,67225.31,3,4.1
1775315220195,67228.72,3,8.77
1775315221195,67231.36,3,2.18
1775315222197,67236.14,3,4.93
1775315223197,67236.14,3,4.93
1775315224198,67236.48,3,3.93
1775315225199,67236.58,3,4.3
1775315226200,67236.58,3,4.3
1775315227202,67236.57,3,4.3
1775315228203,67236.54,3,4.2
1775315229204,67236.61,3,4.2
1775322674988,67356.69,3,3.9
1775322675991,67356.69,3,3.9
1775322676992,67356.69,3,3.9
1775322677993,67356.69,3,3.9
1775322678993,67356.69,3,3.9
1775322679994,67356.69,3,3.9
1775322680995,67356.69,3,3.9
1775322681996,67355.49,3,3.08
1775322682998,67354.99,3,3.08
1775322683999,67354.03,3,5.98
1775322685000,67354.02,3,5.97
1775322686001,67354.02,3,5.97
1775322687001,67354.02,3,5.97
1775322688002,67353.99,3,6.08
1775322689004,67353.99,3,6.08
1775322690005,67354.03,3,5.98
1775322691006,67354.03,3,5.98
1775322692007,67354.02,3,5.97
1775322693008,67354.03,3,5.98
1775322694009,67353.99,3,6.08
1775322695010,67354.03,3,6.08
1775322696011,67354.03,3,6.08
1775322697012,67354.03,3,6.08
1775322698013,67353.99,3,6.08
1775322699014,67353.99,3,6.08
1775322700016,67353.99,3,6.08
1775322701017,67354.02,3,6.07
1775322702017,67354.03,3,6.08
1775322703018,67353.16,3,5.39
1775322704018,67353.16,3,5.39
1775322705020,67353.2,3,5.29
1775322706020,67353.2,3,5.3
1775322707022,67353.2,3,5.3
1775322708023,67353.2,3,5.29
1775322709024,67353.16,3,5.39
1775322710024,67353.16,3,5.39
1775322711025,67353.2,3,5.3
1775322712025,67353.16,3,5.39
1775322713026,67353.16,3,5.39
1775322714028,67353.16,3,5.39
1775322715029,67353.17,3,5.4
1775322716030,67353.17,3,5.4
1775322717031,67353.17,3,5.4
1775322718032,67353.16,3,5.39
1775322719033,67353.2,3,5.3
1775323106714,67377.05,2,2.5
1775323107714,67378.67,3,6.4
1775323108715,67378.6,3,6.5
1775323109716,67378.16,3,4.99
1775323110717,67378.16,3,5.09
1775323111718,67378.16,3,5.08
1775323112719,67378.16,3,5.09
1775323113720,67377.89,3,5.08
1775323114721,67377.9,3,5.09
1775323115722,67377.89,3,5.08
1775323116723,67377.89,3,5.08
1775323117725,67377.9,3,5.09
1775323118726,67377.89,3,5.08
1775323119727,67377.9,3,5.09
1775323120730,67377.9,3,5.09
1775323121731,67377.86,3,5.08
1775323122732,67377.6,3,4.99
1775323123734,67377.6,3,4.99
1775323124735,67377.59,3,4.98
1775323125736,67377.59,3,4.98
1775323126736,67377.59,3,4.98
1775323127738,67375.46,3,8.68
1775323128738,67374.06,3,4.67
1775323129739,67371.66,3,9.18
1775323130740,67369.08,3,4.9
1775323131741,67369.08,3,4.9
1775323132742,67369.05,3,5.0
1775323133742,67366.81,3,5.94
1775323134742,67366.81,3,5.94
1775323135743,67366.82,3,5.95
1775323136743,67366.48,3,6.95
1775323137744,67364.82,3,7.95
1775323138745,67362.72,3,11.06
1775323139746,67362.65,3,11.06
1775323140746,67360.96,3,8.37
1775323141747,67360.99,3,8.37
1775323142747,67360.99,3,8.38
1775323143747,67360.99,3,8.38
1775323144748,67360.99,3,8.38
1775323145748,67360.99,3,8.38
1775323146749,67360.96,3,8.38
1775323147750,67360.96,3,8.38
1775323148751,67360.96,3,8.37
1775323149751,67360.96,3,8.37
1775323150752,67360.96,3,8.37
1775323151753,67360.96,3,8.37
1775323152753,67360.96,3,8.37
1775323153754,67360.96,3,8.37
1775323154755,67360.96,3,8.38
1775323155756,67360.96,3,8.38
1775323429463,67400.45,2,1.3
1775323430466,67398.29,3,7.03
1775323431467,67398.29,3,7.03
1775323432468,67398.29,3,7.02
1775323433468,67398.29,3,7.02
1775323434469,67398.32,3,7.13
1775323435470,67398.33,3,7.12
1775323436471,67398.33,3,7.12
1775323437471,67398.33,3,7.12
1775323438473,67398.33,3,7.12
1775323439474,67398.29,3,7.02
1775323440475,67398.29,3,7.02
1775323441476,67398.29,3,7.03
1775323442477,67398.29,3,7.03
1775323443478,67398.29,3,7.02
1775323444479,67398.29,3,7.02
1775323445480,67398.29,3,7.02
1775323446481,67398.29,3,7.02
1775323447481,67398.29,3,7.03
1775323448482,67398.23,3,6.82
1775323449483,67397.86,3,5.73
1775323450484,67397.86,3,5.73
1775323451485,67397.86,3,5.73
1775323452486,67397.36,3,5.63
1775323453487,67397.36,3,5.63
1775323454488,67397.36,3,5.62
1775323455490,67397.32,3,5.63
1775323456491,67397.33,3,5.62
1775323457491,67397.33,3,5.62
1775323458491,67397.33,3,5.62
1775323459492,67397.33,3,5.62
1775323460493,67397.33,3,5.62
1775323461493,67397.36,3,5.62
1775323462494,67397.36,3,5.63
1775323463495,67397.36,3,5.63
1775323464497,67397.36,3,5.62
1775323465498,67397.36,3,5.63
1775323466499,67397.36,3,5.63
1775323467500,67397.36,3,5.63
1775323468501,67397.36,3,5.62
1775323469502,67397.36,3,5.62
1775323470503,67397.36,3,5.63
1775323471504,67397.36,3,5.63
1775323472505,67397.36,3,5.63
1775323473506,67397.36,3,5.63
1775323474507,67397.36,3,5.62
1775323475508,67395.46,3,2.62
1775323476509,67395.46,3,2.63
1775323477510,67395.46,3,2.63
1775323478513,67395.46,3,2.62
1775323479514,67395.42,3,2.53
1775323480514,67395.42,3,2.53
1775323481515,67395.43,3,2.52
1775323482516,67395.46,3,2.52
1775323483517,67395.46,3,2.52
1775323484518,67395.49,3,2.63
1775323485519,67395.49,3,2.62
1775323486520,67395.46,3,2.52
1775323487521,67395.46,3,2.52
1775323488522,67395.42,3,2.53
